<?xml version="1.0" encoding="UTF-8"?>
<project-private xmlns="http://www.netbeans.org/ns/project-private/1">
    <editor-bookmarks xmlns="http://www.netbeans.org/ns/editor-bookmarks/2" lastBookmarkId="0"/>
    <open-files xmlns="http://www.netbeans.org/ns/projectui-open-files/2">
        <group>
            <file>file:/D:/PBO/Indah%20Manik/work/assignments/01-28-12s18008-12s18021/language-fundamentals/src/language/fundamentals/LanguageFundamentals.java</file>
            <file>file:/D:/PBO/Indah%20Manik/work/assignments/01-28-12s18008-12s18021/language-fundamentals/src/Main.java</file>
        </group>
    </open-files>
</project-private>
